<?xml version="1.0" encoding="utf-8"?>
<!--/440935/1650730/2.50/4/4/Bridge Rectifier/-->
<quadcept_library>
  <setting unit="mil" />
  <textstyle name="Default" height="47.244094488189" strokewidth="7.8740157480315" charwidth="47.244094488189" />
  <textstyle name="Dimension" height="19.6850393700787" strokewidth="0" charwidth="19.6850393700787" />
  <textstyle name="H127W0635TH00762" height="50" strokewidth="3" charwidth="25" />
  <textstyle name="H15W15TH02" height="59.0551181102362" strokewidth="7.8740157480315" charwidth="59.0551181102362" />
  <padstyle name="c118_h78" surface="False" plated="True" isvia="False" nopaste="True" nomask="True" complex="False" holesize="30.708661417322">
    <padshape layer="TOP" shape="round" width="46.456692913385" height="46.456692913385" />
    <padshape layer="TOP_SOLDER_MASK" shape="round" width="54.330708661417" height="54.330708661417" />
    <padshape layer="INNER" shape="round" width="46.456692913385" height="46.456692913385" />
    <padshape layer="BOTTOM" shape="round" width="46.456692913385" height="46.456692913385" />
    <padshape layer="BOTTOM_SOLDER_MASK" shape="round" width="54.330708661417" height="54.330708661417" />
  </padstyle>
  <padstyle name="s118_h78" surface="False" plated="True" isvia="False" nopaste="True" nomask="True" complex="False" holesize="30.708661417322">
    <padshape layer="TOP" shape="square" width="46.456692913385" height="46.456692913385" />
    <padshape layer="TOP_SOLDER_MASK" shape="square" width="54.330708661417" height="54.330708661417" />
    <padshape layer="INNER" shape="round" width="46.456692913385" height="46.456692913385" />
    <padshape layer="BOTTOM" shape="square" width="46.456692913385" height="46.456692913385" />
    <padshape layer="BOTTOM_SOLDER_MASK" shape="square" width="54.330708661417" height="54.330708661417" />
  </padstyle>
  <footprint name="DIP825W58P510L832H543Q4N" originx="0" originy="0" pickpointx="0" pickpointy="0">
    <pcbpin number="1" name="1" style="s118_h78" originx="-162.40157480315" originy="100.3937007874" rotation="90" />
    <pcbpin number="2" name="2" style="c118_h78" originx="-162.40157480315" originy="-100.3937007874" rotation="90" />
    <pcbpin number="3" name="3" style="c118_h78" originx="162.40157480315" originy="-100.3937007874" rotation="90" />
    <pcbpin number="4" name="4" style="c118_h78" originx="162.40157480315" originy="100.3937007874" rotation="90" />
    <line layer="TOP_PLACE_BOUND" originx="-208.26771653543" originy="177.36220472441" endx="208.26771653543" endy="177.36220472441" width="1.9685039370079" />
    <line layer="TOP_PLACE_BOUND" originx="208.26771653543" originy="177.36220472441" endx="208.26771653543" endy="-177.36220472441" width="1.9685039370079" />
    <line layer="TOP_PLACE_BOUND" originx="208.26771653543" originy="-177.36220472441" endx="-208.26771653543" endy="-177.36220472441" width="1.9685039370079" />
    <line layer="TOP_PLACE_BOUND" originx="-208.26771653543" originy="-177.36220472441" endx="-208.26771653543" endy="177.36220472441" width="1.9685039370079" />
    <line layer="TOP_ASSEMBLY" originx="-127.95275590551" originy="167.51968503937" endx="127.95275590551" endy="167.51968503937" width="3.9370078740157" />
    <line layer="TOP_ASSEMBLY" originx="127.95275590551" originy="167.51968503937" endx="127.95275590551" endy="-167.51968503937" width="3.9370078740157" />
    <line layer="TOP_ASSEMBLY" originx="127.95275590551" originy="-167.51968503937" endx="-127.95275590551" endy="-167.51968503937" width="3.9370078740157" />
    <line layer="TOP_ASSEMBLY" originx="-127.95275590551" originy="-167.51968503937" endx="-127.95275590551" endy="167.51968503937" width="3.9370078740157" />
    <line layer="TOP_ASSEMBLY" originx="-127.95275590551" originy="67.125984251968" endx="-27.55905511811" endy="167.51968503937" width="3.9370078740157" />
    <line layer="TOP_SILKSCREEN" originx="-185.62992125984" originy="167.51968503937" endx="127.95275590551" endy="167.51968503937" width="7.8740157480314" />
    <line layer="TOP_SILKSCREEN" originx="-127.95275590551" originy="-167.51968503937" endx="127.95275590551" endy="-167.51968503937" width="7.8740157480314" />
  </footprint>
  <symbol name="DF02M" originx="0" originy="0">
    <line originx="200" originy="100" endx="700" endy="100" width="0" />
    <line originx="700" originy="-200" endx="700" endy="100" width="0" />
    <line originx="700" originy="-200" endx="200" endy="-200" width="0" />
    <line originx="200" originy="100" endx="200" endy="-200" width="0" />
    <sympin number="1" originx="200" originy="0" rotation="180" length="100" width="7.8740157480315" flipped="False">
      <text name="pinname" originx="230" originy="0" style="Default" rotation="0" justify="left" flipped="False" hidden="False" data="+" />
      <text name="pindes" originx="140" originy="20" style="Default" rotation="0" justify="lowerright" flipped="False" hidden="False" data="1" />
    </sympin>
    <sympin number="2" originx="200" originy="-100" rotation="180" length="100" width="7.8740157480315" flipped="False">
      <text name="pinname" originx="230" originy="-100" style="Default" rotation="0" justify="left" flipped="False" hidden="False" data="-" />
      <text name="pindes" originx="140" originy="-80" style="Default" rotation="0" justify="lowerright" flipped="False" hidden="False" data="2" />
    </sympin>
    <sympin number="4" originx="700" originy="0" rotation="0" length="100" width="7.8740157480315" flipped="False">
      <text name="pinname" originx="670" originy="0" style="Default" rotation="0" justify="right" flipped="False" hidden="False" data="~_2" />
      <text name="pindes" originx="760" originy="20" style="Default" rotation="0" justify="lowerleft" flipped="False" hidden="False" data="4" />
    </sympin>
    <sympin number="3" originx="700" originy="-100" rotation="0" length="100" width="7.8740157480315" flipped="False">
      <text name="pinname" originx="670" originy="-100" style="Default" rotation="0" justify="right" flipped="False" hidden="False" data="~_1" />
      <text name="pindes" originx="760" originy="-80" style="Default" rotation="0" justify="lowerleft" flipped="False" hidden="False" data="3" />
    </sympin>
  </symbol>
  <component name="DF02M" designatorprefix="BR" height="213.77952755905" footprint="DIP825W58P510L832H543Q4N">
    <comppin designator="1" sympin="1" pinswap="0" gateswap="0" gate="1" group="1" side="" type="Any" name="+" />
    <comppin designator="2" sympin="2" pinswap="0" gateswap="0" gate="1" group="1" side="" type="Any" name="-" />
    <comppin designator="3" sympin="3" pinswap="0" gateswap="0" gate="1" group="1" side="" type="Any" name="~_1" />
    <comppin designator="4" sympin="4" pinswap="0" gateswap="0" gate="1" group="1" side="" type="Any" name="~_2" />
    <attached_symbol gate="1" name="DF02M" />
    <pinmap designator="1" footprintpin="1" />
    <pinmap designator="2" footprintpin="2" />
    <pinmap designator="3" footprintpin="3" />
    <pinmap designator="4" footprintpin="4" />
    <text name="Datasheet" originx="0" originy="0" style="Default" rotation="0" justify="" flipped="False" hidden="True" data="https://www.diodes.com/assets/Datasheets/ds21201.pdf" />
    <text name="Description" originx="0" originy="0" style="Default" rotation="0" justify="" flipped="False" hidden="True" data="Diodes Inc DF02M, Bridge Rectifier, 1A 200V, 4-Pin DFM" />
    <text name="Mouser Part Number" originx="0" originy="0" style="Default" rotation="0" justify="" flipped="False" hidden="True" data="621-DF02M" />
    <text name="Mouser Price/Stock" originx="0" originy="0" style="Default" rotation="0" justify="" flipped="False" hidden="True" data="https://www.mouser.co.uk/ProductDetail/Diodes-Incorporated/DF02M?qs=mQbszxtPdlMcvd0LFHMT9A%3D%3D" />
    <text name="Manufacturer_Name" originx="0" originy="0" style="Default" rotation="0" justify="" flipped="False" hidden="True" data="Diodes Incorporated" />
    <text name="Manufacturer_Part_Number" originx="750" originy="200" style="Default" rotation="0" justify="left" flipped="False" hidden="False" data="DF02M" />
  </component>
</quadcept_library>
