<?xml version="1.0"?>
<!DOCTYPE net_list>
<net_list>
  <net><id>+3.3V</id>
    <pin><id>R1.1</id></pin>
    <pin><id>U1.2</id></pin>
    </net>
  <net><id>+3V</id>
    <pin><id>C5.1</id></pin>
    <pin><id>C6.1</id></pin>
    <pin><id>U2.2</id></pin>
    </net>
  <net><id>+5V</id>
    <pin><id>C3.1</id></pin>
    <pin><id>C4.1</id></pin>
    <pin><id>Q1.3</id></pin>
    <pin><id>U2.1</id></pin>
    </net>
  <net><id>GND</id>
    <pin><id>C1.2</id></pin>
    <pin><id>C2.2</id></pin>
    <pin><id>C3.2</id></pin>
    <pin><id>C4.2</id></pin>
    <pin><id>C5.2</id></pin>
    <pin><id>C6.2</id></pin>
    <pin><id>D1.2</id></pin>
    <pin><id>D10.1</id></pin>
    <pin><id>D13.1</id></pin>
    <pin><id>D14.1</id></pin>
    <pin><id>D17.1</id></pin>
    <pin><id>D18.1</id></pin>
    <pin><id>D2.1</id></pin>
    <pin><id>D5.1</id></pin>
    <pin><id>D7.1</id></pin>
    <pin><id>D8.1</id></pin>
    <pin><id>LS1.2</id></pin>
    <pin><id>Q1.2</id></pin>
    <pin><id>Q2.3</id></pin>
    <pin><id>Q3.3</id></pin>
    <pin><id>Q4.3</id></pin>
    <pin><id>Q5.3</id></pin>
    <pin><id>Q6.3</id></pin>
    <pin><id>Q7.3</id></pin>
    <pin><id>Q8.3</id></pin>
    <pin><id>Q9.3</id></pin>
    <pin><id>S1.2</id></pin>
    <pin><id>S2.2</id></pin>
    <pin><id>S3.2</id></pin>
    <pin><id>S4.2</id></pin>
    <pin><id>SW1.1</id></pin>
    <pin><id>SW1.2</id></pin>
    <pin><id>SW2.1</id></pin>
    <pin><id>SW2.2</id></pin>
    <pin><id>SW3.1</id></pin>
    <pin><id>SW3.2</id></pin>
    <pin><id>SW4.1</id></pin>
    <pin><id>SW4.2</id></pin>
    <pin><id>SW5.1</id></pin>
    <pin><id>SW5.2</id></pin>
    <pin><id>U1.1</id></pin>
    <pin><id>U1.15</id></pin>
    <pin><id>U1.38</id></pin>
    <pin><id>U2.3</id></pin>
    <pin><id>U3.9</id></pin>
    </net>
  <net><id>INPUT1</id>
    <pin><id>U1.31</id></pin>
    <pin><id>U3.1</id></pin>
    </net>
  <net><id>INPUT2</id>
    <pin><id>U1.30</id></pin>
    <pin><id>U3.2</id></pin>
    </net>
  <net><id>INPUT3</id>
    <pin><id>U1.29</id></pin>
    <pin><id>U3.3</id></pin>
    </net>
  <net><id>INPUT4</id>
    <pin><id>U1.28</id></pin>
    <pin><id>U3.4</id></pin>
    </net>
  <net><id>INPUT5</id>
    <pin><id>U1.27</id></pin>
    <pin><id>U3.5</id></pin>
    </net>
  <net><id>INPUT6</id>
    <pin><id>U1.26</id></pin>
    <pin><id>U3.6</id></pin>
    </net>
  <net><id>INPUT7</id>
    <pin><id>U1.25</id></pin>
    <pin><id>U3.7</id></pin>
    </net>
  <net><id>INPUT8</id>
    <pin><id>U1.24</id></pin>
    <pin><id>U3.8</id></pin>
    </net>
  <net><id>N00622</id>
    <pin><id>D2.2</id></pin>
    <pin><id>R2.2</id></pin>
    </net>
  <net><id>N00630</id>
    <pin><id>D1.1</id></pin>
    <pin><id>SW6.1</id></pin>
    </net>
  <net><id>N00637</id>
    <pin><id>D1.3</id></pin>
    <pin><id>TB1.2</id></pin>
    </net>
  <net><id>N00644</id>
    <pin><id>SW6.2</id></pin>
    <pin><id>TB1.1</id></pin>
    </net>
  <net><id>N02678</id>
    <pin><id>LS1.1</id></pin>
    <pin><id>U1.33</id></pin>
    </net>
  <net><id>N02685</id>
    <pin><id>S1.1</id></pin>
    <pin><id>U1.11</id></pin>
    </net>
  <net><id>N02689</id>
    <pin><id>S2.1</id></pin>
    <pin><id>U1.12</id></pin>
    </net>
  <net><id>N02701</id>
    <pin><id>S3.1</id></pin>
    <pin><id>U1.13</id></pin>
    </net>
  <net><id>N02713</id>
    <pin><id>S4.1</id></pin>
    <pin><id>U1.14</id></pin>
    </net>
  <net><id>N02773</id>
    <pin><id>SW2.3</id></pin>
    <pin><id>SW2.4</id></pin>
    <pin><id>U1.7</id></pin>
    </net>
  <net><id>N02800</id>
    <pin><id>SW3.3</id></pin>
    <pin><id>SW3.4</id></pin>
    <pin><id>U1.8</id></pin>
    </net>
  <net><id>N02823</id>
    <pin><id>SW4.3</id></pin>
    <pin><id>SW4.4</id></pin>
    <pin><id>U1.9</id></pin>
    </net>
  <net><id>N02850</id>
    <pin><id>SW5.3</id></pin>
    <pin><id>SW5.4</id></pin>
    <pin><id>U1.10</id></pin>
    </net>
  <net><id>N03009</id>
    <pin><id>R1.2</id></pin>
    <pin><id>SW1.3</id></pin>
    <pin><id>SW1.4</id></pin>
    <pin><id>U1.3</id></pin>
    </net>
  <net><id>N09517</id>
    <pin><id>Q2.1</id></pin>
    <pin><id>R3.2</id></pin>
    </net>
  <net><id>N09521</id>
    <pin><id>R3.1</id></pin>
    <pin><id>R4.1</id></pin>
    <pin><id>U3.18</id></pin>
    </net>
  <net><id>N09525</id>
    <pin><id>D5.2</id></pin>
    <pin><id>R4.2</id></pin>
    </net>
  <net><id>N09533</id>
    <pin><id>D3.2</id></pin>
    <pin><id>LS2.2</id></pin>
    <pin><id>Q2.2</id></pin>
    </net>
  <net><id>N11430</id>
    <pin><id>J1.2</id></pin>
    <pin><id>LS2.3</id></pin>
    </net>
  <net><id>N11448</id>
    <pin><id>J1.1</id></pin>
    <pin><id>LS2.5</id></pin>
    </net>
  <net><id>N11452</id>
    <pin><id>J1.3</id></pin>
    <pin><id>LS2.4</id></pin>
    </net>
  <net><id>N11554</id>
    <pin><id>J3.2</id></pin>
    <pin><id>LS4.3</id></pin>
    </net>
  <net><id>N11622</id>
    <pin><id>D6.2</id></pin>
    <pin><id>LS4.2</id></pin>
    <pin><id>Q4.2</id></pin>
    </net>
  <net><id>N11626</id>
    <pin><id>J3.1</id></pin>
    <pin><id>LS4.5</id></pin>
    </net>
  <net><id>N11634</id>
    <pin><id>J3.3</id></pin>
    <pin><id>LS4.4</id></pin>
    </net>
  <net><id>N11692</id>
    <pin><id>R7.1</id></pin>
    <pin><id>R8.1</id></pin>
    <pin><id>U3.17</id></pin>
    </net>
  <net><id>N11696</id>
    <pin><id>Q4.1</id></pin>
    <pin><id>R7.2</id></pin>
    </net>
  <net><id>N11724</id>
    <pin><id>D8.2</id></pin>
    <pin><id>R8.2</id></pin>
    </net>
  <net><id>N11815</id>
    <pin><id>J5.2</id></pin>
    <pin><id>LS6.3</id></pin>
    </net>
  <net><id>N11883</id>
    <pin><id>D11.2</id></pin>
    <pin><id>LS6.2</id></pin>
    <pin><id>Q6.2</id></pin>
    </net>
  <net><id>N11887</id>
    <pin><id>J5.1</id></pin>
    <pin><id>LS6.5</id></pin>
    </net>
  <net><id>N11895</id>
    <pin><id>J5.3</id></pin>
    <pin><id>LS6.4</id></pin>
    </net>
  <net><id>N11953</id>
    <pin><id>R11.1</id></pin>
    <pin><id>R12.1</id></pin>
    <pin><id>U3.14</id></pin>
    </net>
  <net><id>N11957</id>
    <pin><id>Q6.1</id></pin>
    <pin><id>R11.2</id></pin>
    </net>
  <net><id>N11985</id>
    <pin><id>D13.2</id></pin>
    <pin><id>R12.2</id></pin>
    </net>
  <net><id>N12087</id>
    <pin><id>J6.2</id></pin>
    <pin><id>LS7.3</id></pin>
    </net>
  <net><id>N12155</id>
    <pin><id>D12.2</id></pin>
    <pin><id>LS7.2</id></pin>
    <pin><id>Q7.2</id></pin>
    </net>
  <net><id>N12159</id>
    <pin><id>J6.1</id></pin>
    <pin><id>LS7.5</id></pin>
    </net>
  <net><id>N12167</id>
    <pin><id>J6.3</id></pin>
    <pin><id>LS7.4</id></pin>
    </net>
  <net><id>N12225</id>
    <pin><id>R13.1</id></pin>
    <pin><id>R14.1</id></pin>
    <pin><id>U3.13</id></pin>
    </net>
  <net><id>N12229</id>
    <pin><id>Q7.1</id></pin>
    <pin><id>R13.2</id></pin>
    </net>
  <net><id>N12257</id>
    <pin><id>D14.2</id></pin>
    <pin><id>R14.2</id></pin>
    </net>
  <net><id>N12366</id>
    <pin><id>J8.2</id></pin>
    <pin><id>LS9.3</id></pin>
    </net>
  <net><id>N12434</id>
    <pin><id>D16.2</id></pin>
    <pin><id>LS9.2</id></pin>
    <pin><id>Q9.2</id></pin>
    </net>
  <net><id>N12438</id>
    <pin><id>J8.1</id></pin>
    <pin><id>LS9.5</id></pin>
    </net>
  <net><id>N12446</id>
    <pin><id>J8.3</id></pin>
    <pin><id>LS9.4</id></pin>
    </net>
  <net><id>N12504</id>
    <pin><id>R16.1</id></pin>
    <pin><id>R18.1</id></pin>
    <pin><id>U3.11</id></pin>
    </net>
  <net><id>N12508</id>
    <pin><id>Q9.1</id></pin>
    <pin><id>R16.2</id></pin>
    </net>
  <net><id>N12536</id>
    <pin><id>D18.2</id></pin>
    <pin><id>R18.2</id></pin>
    </net>
  <net><id>N12654</id>
    <pin><id>J7.2</id></pin>
    <pin><id>LS8.3</id></pin>
    </net>
  <net><id>N12722</id>
    <pin><id>D15.2</id></pin>
    <pin><id>LS8.2</id></pin>
    <pin><id>Q8.2</id></pin>
    </net>
  <net><id>N12726</id>
    <pin><id>J7.1</id></pin>
    <pin><id>LS8.5</id></pin>
    </net>
  <net><id>N12734</id>
    <pin><id>J7.3</id></pin>
    <pin><id>LS8.4</id></pin>
    </net>
  <net><id>N12792</id>
    <pin><id>R15.1</id></pin>
    <pin><id>R17.1</id></pin>
    <pin><id>U3.12</id></pin>
    </net>
  <net><id>N12796</id>
    <pin><id>Q8.1</id></pin>
    <pin><id>R15.2</id></pin>
    </net>
  <net><id>N12824</id>
    <pin><id>D17.2</id></pin>
    <pin><id>R17.2</id></pin>
    </net>
  <net><id>N12953</id>
    <pin><id>J4.2</id></pin>
    <pin><id>LS5.3</id></pin>
    </net>
  <net><id>N13021</id>
    <pin><id>D9.2</id></pin>
    <pin><id>LS5.2</id></pin>
    <pin><id>Q5.2</id></pin>
    </net>
  <net><id>N13025</id>
    <pin><id>J4.1</id></pin>
    <pin><id>LS5.5</id></pin>
    </net>
  <net><id>N13033</id>
    <pin><id>J4.3</id></pin>
    <pin><id>LS5.4</id></pin>
    </net>
  <net><id>N13091</id>
    <pin><id>R10.1</id></pin>
    <pin><id>R9.1</id></pin>
    <pin><id>U3.15</id></pin>
    </net>
  <net><id>N13095</id>
    <pin><id>Q5.1</id></pin>
    <pin><id>R9.2</id></pin>
    </net>
  <net><id>N13123</id>
    <pin><id>D10.2</id></pin>
    <pin><id>R10.2</id></pin>
    </net>
  <net><id>N13263</id>
    <pin><id>J2.2</id></pin>
    <pin><id>LS3.3</id></pin>
    </net>
  <net><id>N13331</id>
    <pin><id>D4.2</id></pin>
    <pin><id>LS3.2</id></pin>
    <pin><id>Q3.2</id></pin>
    </net>
  <net><id>N13335</id>
    <pin><id>J2.1</id></pin>
    <pin><id>LS3.5</id></pin>
    </net>
  <net><id>N13343</id>
    <pin><id>J2.3</id></pin>
    <pin><id>LS3.4</id></pin>
    </net>
  <net><id>N13405</id>
    <pin><id>Q3.1</id></pin>
    <pin><id>R5.2</id></pin>
    </net>
  <net><id>N13433</id>
    <pin><id>D7.2</id></pin>
    <pin><id>R6.2</id></pin>
    </net>
  <net><id>N15668</id>
    <pin><id>R5.1</id></pin>
    <pin><id>R6.1</id></pin>
    <pin><id>U3.16</id></pin>
    </net>
  <net><id>VCC_BAR</id>
    <pin><id>C1.1</id></pin>
    <pin><id>C2.1</id></pin>
    <pin><id>D1.4</id></pin>
    <pin><id>D11.1</id></pin>
    <pin><id>D12.1</id></pin>
    <pin><id>D15.1</id></pin>
    <pin><id>D16.1</id></pin>
    <pin><id>D3.1</id></pin>
    <pin><id>D4.1</id></pin>
    <pin><id>D6.1</id></pin>
    <pin><id>D9.1</id></pin>
    <pin><id>LS2.1</id></pin>
    <pin><id>LS3.1</id></pin>
    <pin><id>LS4.1</id></pin>
    <pin><id>LS5.1</id></pin>
    <pin><id>LS6.1</id></pin>
    <pin><id>LS7.1</id></pin>
    <pin><id>LS8.1</id></pin>
    <pin><id>LS9.1</id></pin>
    <pin><id>Q1.1</id></pin>
    <pin><id>R2.1</id></pin>
    <pin><id>U3.10</id></pin>
    </net>
  <package><id>35PX470MEFC10X12P5</id>
    <device><id>UUN1V471MNQ1MS_35PX470MEFC10X12P5_ 470UF/35V</id>
      <instance><id>C1</id></instance>
      </device>
    </package>
  <package><id>UUP1H0R1MCL1GS</id>
    <device><id>UUN1V471MNQ1MS_UUP1H0R1MCL1GS_ 104 0.1UF 10V</id>
      <instance><id>C2</id></instance>
      <instance><id>C4</id></instance>
      <instance><id>C6</id></instance>
      </device>
    </package>
  <package><id>860160372011</id>
    <device><id>UUN1V471MNQ1MS_860160372011_ 100UF/16V</id>
      <instance><id>C3</id></instance>
      </device>
    </package>
  <package><id>875105359001</id>
    <device><id>UUN1V471MNQ1MS_875105359001_ 10UF/15V</id>
      <instance><id>C5</id></instance>
      </device>
    </package>
  <package><id>DF02M</id>
    <device><id>BRIDGE_DF02M_BRIDGE</id>
      <instance><id>D1</id></instance>
      </device>
    </package>
  <package><id>151031VS06000</id>
    <device><id>LED_151031VS06000_LED</id>
      <instance><id>D10</id></instance>
      <instance><id>D13</id></instance>
      <instance><id>D14</id></instance>
      <instance><id>D17</id></instance>
      <instance><id>D18</id></instance>
      <instance><id>D5</id></instance>
      <instance><id>D7</id></instance>
      <instance><id>D8</id></instance>
      </device>
    <device><id>LED_151031VS06000_PON</id>
      <instance><id>D2</id></instance>
      </device>
    </package>
  <package><id>MBRS140</id>
    <device><id>DIODE_MBRS140_DIODE</id>
      <instance><id>D11</id></instance>
      <instance><id>D12</id></instance>
      <instance><id>D15</id></instance>
      <instance><id>D16</id></instance>
      <instance><id>D3</id></instance>
      <instance><id>D4</id></instance>
      <instance><id>D6</id></instance>
      <instance><id>D9</id></instance>
      </device>
    </package>
  <package><id>282841-3</id>
    <device><id>CON3_282841-3_CON3</id>
      <instance><id>J1</id></instance>
      <instance><id>J2</id></instance>
      <instance><id>J3</id></instance>
      <instance><id>J4</id></instance>
      <instance><id>J5</id></instance>
      <instance><id>J6</id></instance>
      <instance><id>J7</id></instance>
      <instance><id>J8</id></instance>
      </device>
    </package>
  <package><id>AI-1622-TWT-5V-R</id>
    <device><id>TWT_AI-1622-TWT-5V-R_AI-1622-TWT-5V-R</id>
      <instance><id>LS1</id></instance>
      </device>
    </package>
  <package><id>AWHSH105D00G</id>
    <device><id>RELAY SPDT_AWHSH105D00G_RELAY SPDT</id>
      <instance><id>LS2</id></instance>
      <instance><id>LS3</id></instance>
      <instance><id>LS4</id></instance>
      <instance><id>LS5</id></instance>
      <instance><id>LS6</id></instance>
      <instance><id>LS7</id></instance>
      <instance><id>LS8</id></instance>
      <instance><id>LS9</id></instance>
      </device>
    </package>
  <package><id>LM7805CT</id>
    <device><id>LM7805CTNOPB_0_LM7805CT_LM7805CTNOPB</id>
      <instance><id>Q1</id></instance>
      </device>
    </package>
  <package><id>MPSA42</id>
    <device><id>1R1001_MPSA42_MPSA42</id>
      <instance><id>Q2</id></instance>
      </device>
    <device><id>1R1001_MPSA42_MPSA49</id>
      <instance><id>Q3</id></instance>
      </device>
    <device><id>1R1001_MPSA42_MPSA43</id>
      <instance><id>Q4</id></instance>
      </device>
    <device><id>1R1001_MPSA42_MPSA48</id>
      <instance><id>Q5</id></instance>
      </device>
    <device><id>1R1001_MPSA42_MPSA44</id>
      <instance><id>Q6</id></instance>
      </device>
    <device><id>1R1001_MPSA42_MPSA45</id>
      <instance><id>Q7</id></instance>
      </device>
    <device><id>1R1001_MPSA42_MPSA47</id>
      <instance><id>Q8</id></instance>
      </device>
    <device><id>1R1001_MPSA42_MPSA46</id>
      <instance><id>Q9</id></instance>
      </device>
    </package>
  <package><id>RC0402FR-07100RL</id>
    <device><id>RESISTOR_RC0402FR-07100RL_100R</id>
      <instance><id>R1</id></instance>
      <instance><id>R10</id></instance>
      <instance><id>R12</id></instance>
      <instance><id>R14</id></instance>
      <instance><id>R17</id></instance>
      <instance><id>R18</id></instance>
      <instance><id>R4</id></instance>
      <instance><id>R6</id></instance>
      <instance><id>R8</id></instance>
      </device>
    </package>
  <package><id>2-2176073-8</id>
    <device><id>RESISTOR_2-2176073-8_1K</id>
      <instance><id>R11</id></instance>
      <instance><id>R13</id></instance>
      <instance><id>R15</id></instance>
      <instance><id>R16</id></instance>
      <instance><id>R3</id></instance>
      <instance><id>R5</id></instance>
      <instance><id>R7</id></instance>
      <instance><id>R9</id></instance>
      </device>
    </package>
  <package><id>RNCF0805BTE2K23</id>
    <device><id>RESISTOR_RNCF0805BTE2K23_RESISTOR</id>
      <instance><id>R2</id></instance>
      </device>
    </package>
  <package><id>282841-2</id>
    <device><id>TEMP SENSOR_0_282841-2_TEMP SENSOR</id>
      <instance><id>S1</id></instance>
      </device>
    <device><id>GAS_SENSOR_0_282841-2_GAS SENSOR</id>
      <instance><id>S2</id></instance>
      </device>
    <device><id>HUMIDITY_SENSOR_282841-2_HUMIDITY SENSOR</id>
      <instance><id>S3</id></instance>
      </device>
    <device><id>ULTRA-SONIC SENSOR_282841-2_ULTRA SONIC SENSOR</id>
      <instance><id>S4</id></instance>
      </device>
    <device><id>TERMINAL BLOCK_282841-2_TERMINALBLOCK</id>
      <instance><id>TB1</id></instance>
      </device>
    </package>
  <package><id>B3F-1000</id>
    <device><id>SW PUSHBUTTON-SPST-2_B3F-1000_B3F-1000</id>
      <instance><id>SW1</id></instance>
      <instance><id>SW2</id></instance>
      <instance><id>SW3</id></instance>
      <instance><id>SW4</id></instance>
      <instance><id>SW5</id></instance>
      </device>
    </package>
  <package><id>25139NAH</id>
    <device><id>SW_25139NAH_ON/OFF SLIDE SWITCH</id>
      <instance><id>SW6</id></instance>
      </device>
    </package>
  <package><id>ESP32_D0WD_V3</id>
    <device><id>IC_ESP32_D0WD_V3_IC</id>
      <instance><id>U1</id></instance>
      </device>
    </package>
  <package><id>IL1117-3P3</id>
    <device><id>IL1117_3.3V_IL1117-3P3_IL1117-3P3</id>
      <instance><id>U2</id></instance>
      </device>
    </package>
  <package><id>ULN2803A</id>
    <device><id>CONTROLLER_ULN2803A_ULN2803A</id>
      <instance><id>U3</id></instance>
      </device>
    </package>
  </net_list>
