<?xml version="1.0" encoding="utf-8"?>
<!--/311311/1650730/2.50/3/3/Switch/-->
<quadcept_library>
  <setting unit="mil" />
  <textstyle name="Default" height="47.244094488189" strokewidth="7.8740157480315" charwidth="47.244094488189" />
  <textstyle name="Dimension" height="19.6850393700787" strokewidth="0" charwidth="19.6850393700787" />
  <textstyle name="H127W0635TH00762" height="50" strokewidth="3" charwidth="25" />
  <textstyle name="H15W15TH02" height="59.0551181102362" strokewidth="7.8740157480315" charwidth="59.0551181102362" />
  <padstyle name="c165_h110" surface="False" plated="True" isvia="False" nopaste="True" nomask="True" complex="False" holesize="43.307086614173">
    <padshape layer="TOP" shape="round" width="64.960629921259" height="64.960629921259" />
    <padshape layer="TOP_SOLDER_MASK" shape="round" width="72.83464566929" height="72.83464566929" />
    <padshape layer="INNER" shape="round" width="64.960629921259" height="64.960629921259" />
    <padshape layer="BOTTOM" shape="round" width="64.960629921259" height="64.960629921259" />
    <padshape layer="BOTTOM_SOLDER_MASK" shape="round" width="72.83464566929" height="72.83464566929" />
  </padstyle>
  <footprint name="25139NAH" originx="0" originy="0" pickpointx="0" pickpointy="0">
    <pcbpin number="1" name="1" style="c165_h110" originx="0" originy="-99.999999999999" rotation="90" />
    <pcbpin number="2" name="2" style="c165_h110" originx="0" originy="0" rotation="90" />
    <pcbpin number="3" name="3" style="c165_h110" originx="0" originy="99.999999999999" rotation="90" />
    <line layer="TOP_ASSEMBLY" originx="-147.63779527559" originy="277.55905511811" endx="147.63779527559" endy="277.55905511811" width="9.9999999999999" />
    <line layer="TOP_ASSEMBLY" originx="147.63779527559" originy="277.55905511811" endx="147.63779527559" endy="-277.55905511811" width="9.9999999999999" />
    <line layer="TOP_ASSEMBLY" originx="147.63779527559" originy="-277.55905511811" endx="-147.63779527559" endy="-277.55905511811" width="9.9999999999999" />
    <line layer="TOP_ASSEMBLY" originx="-147.63779527559" originy="-277.55905511811" endx="-147.63779527559" endy="277.55905511811" width="9.9999999999999" />
    <line layer="TOP_SILKSCREEN" originx="-147.63779527559" originy="-277.55905511811" endx="-147.63779527559" endy="277.55905511811" width="9.9999999999999" />
    <line layer="TOP_SILKSCREEN" originx="-147.63779527559" originy="277.55905511811" endx="147.63779527559" endy="277.55905511811" width="9.9999999999999" />
    <line layer="TOP_SILKSCREEN" originx="147.63779527559" originy="277.55905511811" endx="147.63779527559" endy="-277.55905511811" width="9.9999999999999" />
    <line layer="TOP_SILKSCREEN" originx="147.63779527559" originy="-277.55905511811" endx="-147.63779527559" endy="-277.55905511811" width="9.9999999999999" />
    <arc layer="TOP_SILKSCREEN" originx="197.67716535433" originy="-106.69291338583" startangle="180" sweepangle="180" radius="3.503937007874" width="9.9999999999999" />
    <arc layer="TOP_SILKSCREEN" originx="197.67716535433" originy="-106.69291338583" startangle="180" sweepangle="-180" radius="3.503937007874" width="9.9999999999999" />
  </footprint>
  <symbol name="25139NAH" originx="0" originy="0">
    <line originx="200" originy="100" endx="600" endy="100" width="0" />
    <line originx="600" originy="-300" endx="600" endy="100" width="0" />
    <line originx="600" originy="-300" endx="200" endy="-300" width="0" />
    <line originx="200" originy="100" endx="200" endy="-300" width="0" />
    <sympin number="1" originx="200" originy="-200" rotation="180" length="100" width="7.8740157480315" flipped="False">
      <text name="pinname" originx="230" originy="-200" style="Default" rotation="0" justify="left" flipped="False" hidden="False" data="1" />
      <text name="pindes" originx="140" originy="-180" style="Default" rotation="0" justify="lowerright" flipped="False" hidden="False" data="1" />
    </sympin>
    <sympin number="2" originx="200" originy="-100" rotation="180" length="100" width="7.8740157480315" flipped="False">
      <text name="pinname" originx="230" originy="-100" style="Default" rotation="0" justify="left" flipped="False" hidden="False" data="2" />
      <text name="pindes" originx="140" originy="-80" style="Default" rotation="0" justify="lowerright" flipped="False" hidden="False" data="2" />
    </sympin>
    <sympin number="3" originx="200" originy="0" rotation="180" length="100" width="7.8740157480315" flipped="False">
      <text name="pinname" originx="230" originy="0" style="Default" rotation="0" justify="left" flipped="False" hidden="False" data="3" />
      <text name="pindes" originx="140" originy="20" style="Default" rotation="0" justify="lowerright" flipped="False" hidden="False" data="3" />
    </sympin>
  </symbol>
  <component name="25139NAH" designatorprefix="S" height="0" footprint="25139NAH">
    <comppin designator="1" sympin="1" pinswap="0" gateswap="0" gate="1" group="1" side="" type="Any" name="1" />
    <comppin designator="2" sympin="2" pinswap="0" gateswap="0" gate="1" group="1" side="" type="Any" name="2" />
    <comppin designator="3" sympin="3" pinswap="0" gateswap="0" gate="1" group="1" side="" type="Any" name="3" />
    <attached_symbol gate="1" name="25139NAH" />
    <pinmap designator="1" footprintpin="1" />
    <pinmap designator="2" footprintpin="2" />
    <pinmap designator="3" footprintpin="3" />
    <text name="Datasheet" originx="0" originy="0" style="Default" rotation="0" justify="" flipped="False" hidden="True" data="" />
    <text name="Description" originx="0" originy="0" style="Default" rotation="0" justify="" flipped="False" hidden="True" data="SPDT top actuated PCB switch,centre off PCB Slide Switch SPDT On-Off-On 4 A@ 125 V ac Slide" />
    <text name="Mouser Part Number" originx="0" originy="0" style="Default" rotation="0" justify="" flipped="False" hidden="True" data="642-25139NAH" />
    <text name="Mouser Price/Stock" originx="0" originy="0" style="Default" rotation="0" justify="" flipped="False" hidden="True" data="https://www.mouser.co.uk/ProductDetail/Apem/25139NAH?qs=VdTcGPmBZ7A9mr%252B1nkhQCQ%3D%3D" />
    <text name="Manufacturer_Name" originx="0" originy="0" style="Default" rotation="0" justify="" flipped="False" hidden="True" data="Apem" />
    <text name="Manufacturer_Part_Number" originx="650" originy="200" style="Default" rotation="0" justify="left" flipped="False" hidden="False" data="25139NAH" />
  </component>
</quadcept_library>
